date,location_id,temperature,humidity,wind_speed,rainfall
2024-01-01,1,12.5,41,12.2,0.0
2024-01-01,2,9.3,45,24.6,0.0
2024-01-01,3,13.2,79,24.9,18.3
2024-01-01,4,17.6,67,8.4,7.4
2024-01-01,5,8.8,65,7.8,0.0
2024-01-01,6,8.8,56,20.3,17.0
2024-01-01,7,17.9,42,24.3,18.3
2024-01-01,8,13.8,73,14.5,0.0
2024-01-01,9,7.7,77,16.7,0.0
2024-01-01,10,12.7,54,13.8,0.0
2024-01-02,1,7.7,49,23.8,0.0
2024-01-02,2,7.7,69,11.8,18.1
2024-01-02,3,11.2,53,2.6,0.0
2024-01-02,4,0.4,51,18.9,0.0
2024-01-02,5,1.4,75,22.4,0.0
2024-01-02,6,7.2,77,4.5,0.0
2024-01-02,7,4.9,88,11.2,8.7
2024-01-02,8,11.6,89,16.3,17.3
2024-01-02,9,5.5,49,16.6,0.0
2024-01-02,10,2.9,45,18.5,0.0
2024-01-03,1,17.3,45,10.1,0.0
2024-01-03,2,8.9,60,18.3,0.0
2024-01-03,3,10.3,44,19.6,13.8
2024-01-03,4,2.9,53,19.4,0.0
2024-01-03,5,7.3,81,14.7,0.0
2024-01-03,6,10.6,72,11.7,0.0
2024-01-03,7,4.2,71,13.4,17.5
2024-01-03,8,11.9,76,12.0,0.0
2024-01-03,9,7.0,78,18.0,0.0
2024-01-03,10,8.5,81,15.4,0.0
2024-01-04,1,7.0,46,2.9,0.0
2024-01-04,2,19.3,81,8.1,0.0
2024-01-04,3,9.9,52,11.6,0.0
2024-01-04,4,4.7,85,3.7,0.0
2024-01-04,5,14.1,57,16.0,0.0
2024-01-04,6,3.9,49,9.2,0.0
2024-01-04,7,11.0,43,19.1,0.0
2024-01-04,8,0.2,59,21.2,0.0
2024-01-04,9,3.4,74,19.3,0.0
2024-01-04,10,11.0,65,24.4,0.0
2024-01-05,1,13.7,44,8.7,0.0
2024-01-05,2,10.9,67,8.3,5.6
2024-01-05,3,9.4,42,24.6,0.0
2024-01-05,4,8.5,75,11.9,0.0
2024-01-05,5,2.6,40,18.9,5.0
2024-01-05,6,6.4,56,24.6,0.0
2024-01-05,7,7.7,85,7.1,0.0
2024-01-05,8,15.3,90,13.4,0.0
2024-01-05,9,11.7,76,17.9,0.0
2024-01-05,10,1.2,76,20.2,0.0
2024-01-06,1,11.6,41,8.7,0.0
2024-01-06,2,8.1,43,15.6,0.0
2024-01-06,3,6.6,45,3.8,12.6
2024-01-06,4,13.1,77,7.4,0.0
2024-01-06,5,15.2,70,8.4,0.0
2024-01-06,6,14.7,66,21.8,9.5
2024-01-06,7,5.8,71,13.5,0.0
2024-01-06,8,8.5,46,3.9,0.0
2024-01-06,9,11.7,51,5.2,0.0
2024-01-06,10,14.9,46,16.7,0.0
2024-01-07,1,7.6,70,8.4,0.0
2024-01-07,2,9.1,47,24.4,0.0
2024-01-07,3,4.5,70,7.9,0.0
2024-01-07,4,4.0,78,2.2,0.0
2024-01-07,5,14.1,71,17.5,11.1
2024-01-07,6,16.8,65,24.6,0.0
2024-01-07,7,9.6,44,3.1,0.0
2024-01-07,8,15.0,71,17.9,18.8
2024-01-07,9,11.8,67,16.6,0.0
2024-01-07,10,6.8,55,7.3,0.0
2024-01-08,1,11.8,43,3.1,0.0
2024-01-08,2,17.7,90,8.9,0.0
2024-01-08,3,9.8,86,2.5,0.0
2024-01-08,4,17.8,49,23.3,0.0
2024-01-08,5,-3.1,88,20.1,0.0
2024-01-08,6,14.1,78,9.9,0.0
2024-01-08,7,10.4,85,21.2,0.0
2024-01-08,8,8.5,61,5.2,0.0
2024-01-08,9,10.5,52,7.0,0.0
2024-01-08,10,0.1,47,11.0,0.0
2024-01-09,1,8.9,69,6.3,0.0
2024-01-09,2,11.8,80,7.2,0.0
2024-01-09,3,17.4,44,19.3,0.0
2024-01-09,4,7.4,55,20.3,0.0
2024-01-09,5,6.0,63,14.7,0.0
2024-01-09,6,7.5,88,19.8,0.0
2024-01-09,7,14.6,40,18.0,0.0
2024-01-09,8,11.6,72,12.4,0.0
2024-01-09,9,7.4,83,3.3,0.0
2024-01-09,10,12.6,86,3.3,5.9
2024-01-10,1,10.5,85,16.0,0.0
2024-01-10,2,14.8,56,16.7,0.0
2024-01-10,3,6.5,56,18.1,5.9
2024-01-10,4,8.4,41,19.7,7.0
2024-01-10,5,8.0,58,20.4,0.0
2024-01-10,6,2.7,73,3.2,14.7
2024-01-10,7,11.5,48,12.6,0.0
2024-01-10,8,11.3,68,11.0,0.0
2024-01-10,9,10.0,56,10.6,16.0
2024-01-10,10,8.8,51,13.2,0.0
2024-01-11,1,2.9,40,9.4,0.0
2024-01-11,2,7.9,56,11.9,0.0
2024-01-11,3,8.3,43,8.2,17.9
2024-01-11,4,6.0,74,11.3,0.0
2024-01-11,5,9.2,53,13.4,0.0
2024-01-11,6,12.0,66,6.4,5.1
2024-01-11,7,19.4,83,19.6,0.0
2024-01-11,8,10.9,86,12.2,0.0
2024-01-11,9,11.3,50,19.3,0.0
2024-01-11,10,9.6,85,2.3,10.9
2024-01-12,1,0.4,50,18.4,0.0
2024-01-12,2,9.9,58,6.9,0.0
2024-01-12,3,10.3,57,23.4,0.0
2024-01-12,4,22.3,75,10.7,6.7
2024-01-12,5,9.0,65,6.5,0.0
2024-01-12,6,11.5,59,21.2,0.0
2024-01-12,7,9.8,64,19.2,5.9
2024-01-12,8,4.2,83,14.3,0.0
2024-01-12,9,15.7,55,6.7,12.4
2024-01-12,10,13.8,58,16.1,0.0
2024-01-13,1,14.0,50,10.6,0.0
2024-01-13,2,5.5,45,4.6,0.0
2024-01-13,3,17.0,72,18.3,17.3
2024-01-13,4,3.0,55,16.7,0.0
2024-01-13,5,12.9,88,10.9,0.0
2024-01-13,6,21.0,65,22.7,0.0
2024-01-13,7,5.0,57,3.8,0.0
2024-01-13,8,7.2,85,16.7,0.0
2024-01-13,9,10.5,49,17.7,18.5
2024-01-13,10,7.5,42,11.7,0.0
2024-01-14,1,2.2,43,2.2,14.8
2024-01-14,2,10.3,72,15.3,0.0
2024-01-14,3,4.7,44,12.3,0.0
2024-01-14,4,12.4,90,23.2,0.0
2024-01-14,5,5.4,75,15.1,0.0
2024-01-14,6,17.7,78,4.5,0.0
2024-01-14,7,6.1,61,6.7,0.0
2024-01-14,8,8.4,77,11.7,0.0
2024-01-14,9,14.1,47,11.0,0.0
2024-01-14,10,3.8,60,16.5,0.0
2024-01-15,1,11.1,79,22.6,8.3
2024-01-15,2,16.5,44,10.4,0.0
2024-01-15,3,2.0,51,8.7,0.0
2024-01-15,4,10.9,52,8.0,0.0
2024-01-15,5,11.3,73,5.7,0.0
2024-01-15,6,13.9,56,7.0,0.0
2024-01-15,7,3.8,80,8.8,5.7
2024-01-15,8,3.4,56,19.5,0.0
2024-01-15,9,12.6,44,7.6,0.0
2024-01-15,10,11.5,84,10.3,16.7
2024-01-16,1,11.3,49,4.5,0.0
2024-01-16,2,11.7,83,10.4,0.0
2024-01-16,3,6.6,82,12.0,0.0
2024-01-16,4,11.2,88,19.6,0.0
2024-01-16,5,11.5,72,12.5,0.0
2024-01-16,6,6.4,83,17.6,8.1
2024-01-16,7,19.3,72,20.3,0.0
2024-01-16,8,12.4,67,2.3,0.0
2024-01-16,9,4.0,63,20.4,0.0
2024-01-16,10,13.3,50,17.3,0.0
2024-01-17,1,5.1,68,6.0,15.6
2024-01-17,2,13.9,65,13.2,0.0
2024-01-17,3,15.8,67,22.7,0.0
2024-01-17,4,5.9,50,8.3,0.0
2024-01-17,5,14.8,90,9.8,0.0
2024-01-17,6,12.1,43,8.6,0.0
2024-01-17,7,14.1,85,18.3,0.0
2024-01-17,8,19.5,61,11.5,0.0
2024-01-17,9,8.8,43,19.7,9.1
2024-01-17,10,6.2,86,22.6,0.0
2024-01-18,1,5.6,75,9.8,0.0
2024-01-18,2,5.9,79,7.3,0.0
2024-01-18,3,9.6,72,24.8,0.0
2024-01-18,4,11.7,62,16.2,0.0
2024-01-18,5,11.4,54,5.1,0.0
2024-01-18,6,14.1,79,23.6,0.0
2024-01-18,7,10.1,43,21.8,0.0
2024-01-18,8,17.3,55,19.7,0.0
2024-01-18,9,8.7,69,8.9,0.0
2024-01-18,10,23.6,85,5.1,0.0
2024-01-19,1,13.1,89,3.8,0.0
2024-01-19,2,5.7,80,4.1,0.0
2024-01-19,3,4.6,90,11.9,0.0
2024-01-19,4,12.4,83,8.8,0.0
2024-01-19,5,8.9,48,10.1,6.4
2024-01-19,6,13.6,59,11.9,0.0
2024-01-19,7,12.4,81,9.6,0.0
2024-01-19,8,9.6,64,17.0,0.0
2024-01-19,9,5.8,84,20.0,0.0
2024-01-19,10,2.4,87,8.8,0.0
2024-01-20,1,7.8,45,9.6,5.7
2024-01-20,2,14.3,89,21.6,16.0
2024-01-20,3,11.1,40,21.1,0.0
2024-01-20,4,3.8,63,18.1,0.0
2024-01-20,5,10.9,69,7.8,8.4
2024-01-20,6,11.9,82,19.7,0.0
2024-01-20,7,5.6,49,23.4,0.0
2024-01-20,8,10.8,51,5.8,0.0
2024-01-20,9,10.3,80,5.3,0.0
2024-01-20,10,4.3,44,17.9,9.6
2024-01-21,1,11.8,80,24.6,0.0
2024-01-21,2,12.8,88,12.4,0.0
2024-01-21,3,15.4,60,24.7,0.0
2024-01-21,4,15.3,40,6.2,0.0
2024-01-21,5,3.1,45,15.6,0.0
2024-01-21,6,5.3,59,23.1,12.4
2024-01-21,7,12.6,45,24.1,0.0
2024-01-21,8,12.6,46,12.6,0.0
2024-01-21,9,12.6,80,18.3,0.0
2024-01-21,10,29.3,77,11.8,11.9
2024-01-22,1,12.9,82,11.0,0.0
2024-01-22,2,15.7,88,21.7,0.0
2024-01-22,3,14.8,46,10.5,0.0
2024-01-22,4,13.3,75,15.1,0.0
2024-01-22,5,8.4,88,9.4,0.0
2024-01-22,6,13.8,80,6.7,0.0
2024-01-22,7,6.1,41,7.6,18.1
2024-01-22,8,8.8,65,21.0,0.0
2024-01-22,9,7.6,51,9.5,0.0
2024-01-22,10,10.4,51,18.1,7.6
2024-01-23,1,21.6,87,2.5,0.0
2024-01-23,2,0.7,45,11.1,0.0
2024-01-23,3,13.4,44,16.4,0.0
2024-01-23,4,1.9,54,22.4,0.0
2024-01-23,5,7.6,66,8.4,0.0
2024-01-23,6,15.4,50,16.7,10.8
2024-01-23,7,10.3,43,22.0,15.6
2024-01-23,8,4.6,89,12.8,0.0
2024-01-23,9,6.4,75,24.1,0.0
2024-01-23,10,13.4,52,6.1,0.0
2024-01-24,1,6.3,48,17.2,0.0
2024-01-24,2,11.1,48,15.0,0.0
2024-01-24,3,10.2,62,15.4,0.0
2024-01-24,4,6.7,63,8.4,0.0
2024-01-24,5,20.7,82,2.5,0.0
2024-01-24,6,13.2,65,22.8,0.0
2024-01-24,7,-0.1,87,16.4,0.0
2024-01-24,8,10.9,51,24.8,0.0
2024-01-24,9,6.7,63,4.1,7.8
2024-01-24,10,14.3,52,11.5,0.0
2024-01-25,1,6.0,79,4.3,0.0
2024-01-25,2,9.4,77,2.2,0.0
2024-01-25,3,12.5,43,11.4,0.0
2024-01-25,4,14.3,78,18.2,0.0
2024-01-25,5,4.0,88,6.1,9.5
2024-01-25,6,8.3,45,24.0,0.0
2024-01-25,7,7.6,47,20.7,0.0
2024-01-25,8,6.7,78,24.2,0.0
2024-01-25,9,18.8,58,4.1,0.0
2024-01-25,10,12.0,79,10.8,0.0
2024-01-26,1,3.7,41,6.6,0.0
2024-01-26,2,14.6,45,7.1,0.0
2024-01-26,3,20.6,49,6.3,0.0
2024-01-26,4,15.2,66,16.3,0.0
2024-01-26,5,2.4,58,22.8,0.0
2024-01-26,6,7.6,82,11.7,0.0
2024-01-26,7,16.3,75,19.3,0.0
2024-01-26,8,6.5,76,17.2,0.0
2024-01-26,9,12.2,68,18.6,0.0
2024-01-26,10,13.9,88,13.5,0.0
2024-01-27,1,5.4,53,9.8,0.0
2024-01-27,2,9.7,72,13.1,0.0
2024-01-27,3,-6.2,75,16.0,0.0
2024-01-27,4,4.9,66,24.2,16.7
2024-01-27,5,8.7,81,2.9,0.0
2024-01-27,6,3.8,42,23.2,0.0
2024-01-27,7,18.2,73,13.7,0.0
2024-01-27,8,2.8,81,11.4,0.0
2024-01-27,9,7.8,55,17.4,0.0
2024-01-27,10,10.7,77,21.4,0.0
2024-01-28,1,17.2,78,2.0,0.0
2024-01-28,2,2.8,46,14.3,0.0
2024-01-28,3,15.8,52,4.3,10.8
2024-01-28,4,10.1,66,7.2,0.0
2024-01-28,5,5.1,61,2.3,0.0
2024-01-28,6,12.3,49,2.5,0.0
2024-01-28,7,11.0,75,16.9,0.0
2024-01-28,8,7.0,41,7.0,0.0
2024-01-28,9,10.3,73,4.7,0.0
2024-01-28,10,8.1,58,10.8,10.4
2024-01-29,1,10.6,50,4.3,0.0
2024-01-29,2,13.3,80,22.4,0.0
2024-01-29,3,17.9,66,17.9,0.0
2024-01-29,4,3.8,46,14.7,8.3
2024-01-29,5,20.7,73,12.8,0.0
2024-01-29,6,0.2,66,3.9,13.5
2024-01-29,7,9.2,61,11.1,0.0
2024-01-29,8,12.9,76,15.3,0.0
2024-01-29,9,11.4,85,4.0,0.0
2024-01-29,10,6.9,61,15.4,0.0
2024-01-30,1,9.0,52,18.8,0.0
2024-01-30,2,7.5,81,10.0,0.0
2024-01-30,3,7.1,40,22.0,0.0
2024-01-30,4,14.2,69,7.3,0.0
2024-01-30,5,11.8,63,22.6,14.5
2024-01-30,6,6.5,81,6.6,0.0
2024-01-30,7,14.5,77,9.8,0.0
2024-01-30,8,11.5,63,19.0,0.0
2024-01-30,9,14.1,48,17.5,0.0
2024-01-30,10,13.1,74,2.6,0.0
2024-01-31,1,5.9,76,13.4,0.0
2024-01-31,2,7.2,70,9.9,0.0
2024-01-31,3,13.7,41,14.0,5.3
2024-01-31,4,13.1,89,2.1,0.0
2024-01-31,5,9.9,64,6.4,0.0
2024-01-31,6,10.6,46,13.2,7.3
2024-01-31,7,16.4,70,2.8,0.0
2024-01-31,8,7.0,84,22.3,0.0
2024-01-31,9,12.7,63,18.8,0.0
2024-01-31,10,9.0,74,15.3,18.9
2024-02-01,1,8.9,80,7.8,0.0
2024-02-01,2,15.5,78,12.4,0.0
2024-02-01,3,14.1,51,11.0,0.0
2024-02-01,4,14.1,62,16.2,0.0
2024-02-01,5,16.5,73,23.1,0.0
2024-02-01,6,10.1,79,23.1,0.0
2024-02-01,7,13.4,90,15.3,0.0
2024-02-01,8,8.4,65,18.3,0.0
2024-02-01,9,11.6,74,12.6,0.0
2024-02-01,10,9.3,65,19.4,0.0
2024-02-02,1,10.5,89,2.1,8.0
2024-02-02,2,13.0,49,11.3,6.9
2024-02-02,3,5.9,79,11.7,0.0
2024-02-02,4,20.5,81,5.2,0.0
2024-02-02,5,5.0,78,11.5,10.5
2024-02-02,6,3.9,77,17.1,0.0
2024-02-02,7,15.8,73,12.0,0.0
2024-02-02,8,14.0,51,7.7,0.0
2024-02-02,9,13.1,68,12.7,0.0
2024-02-02,10,13.1,68,19.7,17.1
2024-02-03,1,9.9,74,8.9,12.6
2024-02-03,2,5.5,51,11.2,18.0
2024-02-03,3,10.4,42,5.9,0.0
2024-02-03,4,6.6,79,3.0,0.0
2024-02-03,5,14.9,41,9.8,17.0
2024-02-03,6,9.3,45,4.4,0.0
2024-02-03,7,5.9,80,16.9,0.0
2024-02-03,8,8.4,43,12.6,0.0
2024-02-03,9,12.1,87,17.9,0.0
2024-02-03,10,7.2,86,5.5,0.0
2024-02-04,1,5.9,87,11.5,0.0
2024-02-04,2,11.2,76,18.0,0.0
2024-02-04,3,11.2,60,8.4,0.0
2024-02-04,4,7.5,50,16.0,0.0
2024-02-04,5,7.6,40,12.6,0.0
2024-02-04,6,11.2,74,22.3,0.0
2024-02-04,7,2.8,71,23.1,0.0
2024-02-04,8,3.0,85,17.9,0.0
2024-02-04,9,6.4,76,18.7,18.3
2024-02-04,10,8.9,79,2.8,0.0
2024-02-05,1,11.6,61,2.9,0.0
2024-02-05,2,17.4,81,4.4,0.0
2024-02-05,3,14.3,74,22.1,0.0
2024-02-05,4,9.2,45,6.2,7.4
2024-02-05,5,9.9,84,10.0,0.0
2024-02-05,6,5.0,60,4.0,0.0
2024-02-05,7,9.9,73,17.2,0.0
2024-02-05,8,8.6,45,7.1,0.0
2024-02-05,9,11.6,41,13.0,0.0
2024-02-05,10,5.9,40,8.8,0.0
2024-02-06,1,12.6,73,5.1,6.1
2024-02-06,2,17.7,62,11.4,0.0
2024-02-06,3,9.5,90,18.9,19.7
2024-02-06,4,12.0,71,3.0,0.0
2024-02-06,5,13.5,43,2.9,0.0
2024-02-06,6,8.0,54,17.5,0.0
2024-02-06,7,11.1,89,11.6,12.5
2024-02-06,8,10.1,43,12.6,6.5
2024-02-06,9,10.5,85,23.0,0.0
2024-02-06,10,6.1,87,11.5,0.0
2024-02-07,1,10.1,44,6.7,0.0
2024-02-07,2,12.5,41,24.8,0.0
2024-02-07,3,17.3,64,23.5,0.0
2024-02-07,4,14.8,66,2.8,0.0
2024-02-07,5,20.8,70,23.0,0.0
2024-02-07,6,6.2,66,4.9,0.0
2024-02-07,7,14.4,76,7.6,18.5
2024-02-07,8,10.9,79,10.4,0.0
2024-02-07,9,20.9,82,19.7,13.5
2024-02-07,10,6.0,46,11.9,0.0
2024-02-08,1,5.8,83,17.6,0.0
2024-02-08,2,7.0,47,2.5,5.3
2024-02-08,3,-0.6,82,22.4,0.0
2024-02-08,4,7.4,78,12.6,0.0
2024-02-08,5,6.2,87,17.4,16.4
2024-02-08,6,10.8,45,2.5,0.0
2024-02-08,7,11.7,40,21.7,0.0
2024-02-08,8,19.4,58,11.1,0.0
2024-02-08,9,14.8,79,14.9,19.7
2024-02-08,10,7.1,63,13.4,19.6
2024-02-09,1,5.5,89,23.0,0.0
2024-02-09,2,12.5,46,2.6,0.0
2024-02-09,3,3.4,61,9.6,8.9
2024-02-09,4,19.2,51,17.2,0.0
2024-02-09,5,15.9,75,14.9,0.0
2024-02-09,6,7.7,48,17.6,0.0
2024-02-09,7,1.4,63,5.8,0.0
2024-02-09,8,16.8,66,17.8,0.0
2024-02-09,9,9.4,48,21.8,0.0
2024-02-09,10,16.2,57,10.7,0.0
2024-02-10,1,2.0,68,5.4,13.0
2024-02-10,2,7.0,66,23.9,0.0
2024-02-10,3,10.0,82,14.0,0.0
2024-02-10,4,10.2,62,9.9,0.0
2024-02-10,5,7.7,81,7.4,11.0
2024-02-10,6,13.1,47,19.6,0.0
2024-02-10,7,4.7,65,8.6,0.0
2024-02-10,8,9.3,55,4.3,0.0
2024-02-10,9,10.6,89,3.0,0.0
2024-02-10,10,12.6,67,10.2,0.0
2024-02-11,1,13.6,47,5.1,0.0
2024-02-11,2,4.4,74,7.0,14.3
2024-02-11,3,2.3,78,18.9,0.0
2024-02-11,4,16.4,54,5.6,0.0
2024-02-11,5,11.7,88,15.8,0.0
2024-02-11,6,6.3,84,16.9,0.0
2024-02-11,7,17.8,83,22.1,0.0
2024-02-11,8,10.6,76,19.3,0.0
2024-02-11,9,15.9,59,2.3,0.0
2024-02-11,10,10.3,45,21.6,0.0
2024-02-12,1,20.3,80,15.7,0.0
2024-02-12,2,18.8,66,19.4,0.0
2024-02-12,3,8.8,75,23.1,0.0
2024-02-12,4,14.9,66,18.8,0.0
2024-02-12,5,13.2,46,4.6,0.0
2024-02-12,6,16.8,76,9.8,6.2
2024-02-12,7,5.2,74,16.6,0.0
2024-02-12,8,13.4,81,7.6,0.0
2024-02-12,9,15.3,89,19.4,0.0
2024-02-12,10,1.2,63,9.5,9.2
2024-02-13,1,4.1,71,11.4,0.0
2024-02-13,2,-0.2,74,23.5,0.0
2024-02-13,3,8.7,47,11.1,0.0
2024-02-13,4,13.6,68,21.2,10.2
2024-02-13,5,17.5,44,4.3,0.0
2024-02-13,6,10.4,49,12.1,17.3
2024-02-13,7,18.1,44,5.8,0.0
2024-02-13,8,3.1,67,2.9,0.0
2024-02-13,9,1.5,68,23.5,0.0
2024-02-13,10,9.7,61,15.2,0.0
2024-02-14,1,11.9,82,18.5,0.0
2024-02-14,2,9.8,83,4.5,10.7
2024-02-14,3,-0.3,48,18.8,0.0
2024-02-14,4,9.6,62,24.8,0.0
2024-02-14,5,3.5,62,17.8,6.4
2024-02-14,6,13.3,64,10.1,0.0
2024-02-14,7,11.8,61,5.7,0.0
2024-02-14,8,5.3,50,24.9,10.2
2024-02-14,9,7.4,42,10.4,10.3
2024-02-14,10,4.7,73,5.1,0.0
2024-02-15,1,9.7,79,12.5,0.0
2024-02-15,2,14.8,79,17.4,0.0
2024-02-15,3,5.1,73,24.0,5.4
2024-02-15,4,12.5,48,23.9,0.0
2024-02-15,5,7.3,90,12.8,14.0
2024-02-15,6,6.0,51,2.1,0.0
2024-02-15,7,9.5,45,24.0,0.0
2024-02-15,8,4.8,89,9.7,0.0
2024-02-15,9,7.2,64,16.0,5.1
2024-02-15,10,4.0,42,19.9,12.1
2024-02-16,1,19.8,55,5.4,0.0
2024-02-16,2,10.2,70,5.1,0.0
2024-02-16,3,6.5,56,24.8,0.0
2024-02-16,4,11.1,50,22.5,0.0
2024-02-16,5,9.4,44,7.3,9.5
2024-02-16,6,8.9,85,4.0,0.0
2024-02-16,7,13.1,68,13.4,0.0
2024-02-16,8,13.8,41,13.0,0.0
2024-02-16,9,7.3,53,5.3,0.0
2024-02-16,10,7.1,54,15.8,0.0
2024-02-17,1,8.6,73,8.4,0.0
2024-02-17,2,-1.5,65,9.7,0.0
2024-02-17,3,2.4,59,21.6,0.0
2024-02-17,4,16.8,78,17.0,0.0
2024-02-17,5,18.2,66,9.9,0.0
2024-02-17,6,8.8,69,10.4,17.3
2024-02-17,7,12.9,74,16.7,0.0
2024-02-17,8,11.6,53,15.7,0.0
2024-02-17,9,25.4,67,20.4,0.0
2024-02-17,10,15.6,44,7.2,19.4
2024-02-18,1,9.4,76,3.1,0.0
2024-02-18,2,5.2,82,6.1,0.0
2024-02-18,3,2.0,64,18.6,0.0
2024-02-18,4,11.0,48,5.1,0.0
2024-02-18,5,6.2,52,23.3,0.0
2024-02-18,6,2.9,84,2.4,0.0
2024-02-18,7,6.8,48,9.6,19.9
2024-02-18,8,4.6,57,15.2,7.2
2024-02-18,9,18.4,62,17.8,0.0
2024-02-18,10,14.4,90,6.0,0.0
2024-02-19,1,10.0,64,20.2,0.0
2024-02-19,2,17.4,69,21.6,0.0
2024-02-19,3,10.4,74,7.8,0.0
2024-02-19,4,5.7,84,2.2,13.4
2024-02-19,5,17.6,86,24.8,16.3
2024-02-19,6,12.7,85,23.7,0.0
2024-02-19,7,4.8,40,10.0,0.0
2024-02-19,8,9.0,40,9.3,0.0
2024-02-19,9,5.6,46,7.7,20.0
2024-02-19,10,3.1,48,12.4,0.0
2024-02-20,1,14.6,86,16.4,0.0
2024-02-20,2,19.5,50,23.0,0.0
2024-02-20,3,3.0,53,4.8,0.0
2024-02-20,4,12.8,47,23.2,0.0
2024-02-20,5,6.7,52,4.0,0.0
2024-02-20,6,7.6,53,6.9,0.0
2024-02-20,7,7.0,60,9.2,0.0
2024-02-20,8,5.7,89,5.1,0.0
2024-02-20,9,10.2,82,2.6,0.0
2024-02-20,10,5.8,46,14.1,10.5
2024-02-21,1,11.4,58,22.2,0.0
2024-02-21,2,9.7,84,12.3,0.0
2024-02-21,3,8.8,44,2.0,0.0
2024-02-21,4,5.5,67,24.0,0.0
2024-02-21,5,7.1,47,20.0,0.0
2024-02-21,6,13.8,90,5.2,0.0
2024-02-21,7,12.5,71,20.5,0.0
2024-02-21,8,5.1,63,3.1,14.4
2024-02-21,9,10.5,47,8.0,0.0
2024-02-21,10,13.8,54,13.8,0.0
2024-02-22,1,1.7,51,23.3,6.6
2024-02-22,2,12.7,61,2.6,0.0
2024-02-22,3,6.7,78,21.7,0.0
2024-02-22,4,12.9,48,24.7,0.0
2024-02-22,5,6.2,85,21.6,9.9
2024-02-22,6,1.0,48,11.1,0.0
2024-02-22,7,1.9,59,3.6,0.0
2024-02-22,8,10.2,76,15.7,0.0
2024-02-22,9,11.3,60,21.1,0.0
2024-02-22,10,5.5,88,4.0,0.0
2024-02-23,1,13.2,53,10.4,0.0
2024-02-23,2,1.7,64,7.3,0.0
2024-02-23,3,9.7,81,16.5,0.0
2024-02-23,4,3.9,79,24.5,0.0
2024-02-23,5,6.7,53,7.1,0.0
2024-02-23,6,10.2,42,15.1,0.0
2024-02-23,7,5.7,43,11.0,0.0
2024-02-23,8,8.1,51,22.7,0.0
2024-02-23,9,15.0,49,20.3,0.0
2024-02-23,10,7.1,52,16.3,0.0
2024-02-24,1,14.2,80,10.4,0.0
2024-02-24,2,4.4,46,22.8,0.0
2024-02-24,3,12.6,90,4.3,18.8
2024-02-24,4,17.2,73,4.8,0.0
2024-02-24,5,-2.4,56,7.7,0.0
2024-02-24,6,6.0,54,6.0,17.6
2024-02-24,7,12.9,40,8.1,7.1
2024-02-24,8,9.0,74,12.1,11.8
2024-02-24,9,11.9,68,3.3,0.0
2024-02-24,10,7.0,84,24.0,0.0
2024-02-25,1,10.4,74,6.2,0.0
2024-02-25,2,9.2,65,13.5,0.0
2024-02-25,3,15.8,81,24.2,0.0
2024-02-25,4,11.3,56,11.6,0.0
2024-02-25,5,11.7,69,6.0,0.0
2024-02-25,6,7.9,62,20.2,0.0
2024-02-25,7,7.6,83,22.2,0.0
2024-02-25,8,7.8,90,12.9,0.0
2024-02-25,9,12.0,74,16.8,18.3
2024-02-25,10,7.9,83,11.5,0.0
2024-02-26,1,11.4,77,4.3,0.0
2024-02-26,2,20.4,72,5.3,8.5
2024-02-26,3,14.4,90,11.6,19.6
2024-02-26,4,8.4,71,17.9,0.0
2024-02-26,5,16.0,42,6.0,0.0
2024-02-26,6,8.0,56,23.8,0.0
2024-02-26,7,-0.2,71,13.9,0.0
2024-02-26,8,5.0,49,4.6,0.0
2024-02-26,9,0.6,51,11.6,0.0
2024-02-26,10,8.2,66,9.6,0.0
2024-02-27,1,10.1,66,7.6,0.0
2024-02-27,2,18.4,87,23.9,0.0
2024-02-27,3,11.6,82,14.2,0.0
2024-02-27,4,8.9,48,8.5,0.0
2024-02-27,5,14.1,55,18.5,0.0
2024-02-27,6,-1.1,69,18.5,19.6
2024-02-27,7,11.2,43,21.4,20.0
2024-02-27,8,13.9,65,6.4,0.0
2024-02-27,9,2.6,46,18.8,0.0
2024-02-27,10,15.7,78,18.8,19.2
2024-02-28,1,11.7,68,2.8,19.4
2024-02-28,2,7.9,54,19.8,15.5
2024-02-28,3,13.2,42,5.1,14.5
2024-02-28,4,21.4,79,3.7,0.0
2024-02-28,5,10.9,82,13.0,0.0
2024-02-28,6,11.2,81,13.4,0.0
2024-02-28,7,7.7,76,10.7,0.0
2024-02-28,8,5.8,89,7.7,0.0
2024-02-28,9,14.2,42,20.6,7.0
2024-02-28,10,5.7,87,11.6,0.0
2024-02-29,1,10.4,40,10.5,0.0
2024-02-29,2,7.6,84,18.6,0.0
2024-02-29,3,12.4,73,2.2,0.0
2024-02-29,4,11.7,57,8.1,14.5
2024-02-29,5,15.2,82,10.8,0.0
2024-02-29,6,7.4,51,15.3,0.0
2024-02-29,7,8.7,78,20.5,7.1
2024-02-29,8,5.1,41,3.1,0.0
2024-02-29,9,7.8,60,2.5,9.0
2024-02-29,10,11.9,56,19.1,0.0
2024-03-01,1,21.8,61,2.1,0.0
2024-03-01,2,13.4,44,3.5,0.0
2024-03-01,3,22.3,71,15.5,0.0
2024-03-01,4,24.8,49,18.4,0.0
2024-03-01,5,20.1,56,17.3,0.0
2024-03-01,6,27.4,47,17.6,0.0
2024-03-01,7,14.1,69,19.5,0.0
2024-03-01,8,11.8,43,15.7,0.0
2024-03-01,9,9.1,74,17.2,0.0
2024-03-01,10,25.5,52,10.7,0.0
2024-03-02,1,21.3,45,8.3,0.0
2024-03-02,2,17.7,62,11.6,0.0
2024-03-02,3,19.4,81,15.4,13.0
2024-03-02,4,12.4,44,10.3,0.0
2024-03-02,5,30.2,75,17.3,0.0
2024-03-02,6,18.6,52,10.3,0.0
2024-03-02,7,18.5,71,23.6,0.0
2024-03-02,8,21.6,41,11.0,0.0
2024-03-02,9,20.4,70,23.9,0.0
2024-03-02,10,19.1,51,17.7,0.0
2024-03-03,1,14.0,55,20.4,0.0
2024-03-03,2,20.4,69,23.2,0.0
2024-03-03,3,27.4,77,22.0,0.0
2024-03-03,4,24.7,43,16.5,0.0
2024-03-03,5,26.0,87,8.5,0.0
2024-03-03,6,15.4,66,8.9,0.0
2024-03-03,7,13.1,63,17.4,19.6
2024-03-03,8,17.4,74,5.4,0.0
2024-03-03,9,18.3,60,12.2,0.0
2024-03-03,10,23.5,74,4.2,0.0
2024-03-04,1,9.5,65,9.9,0.0
2024-03-04,2,25.6,78,24.8,0.0
2024-03-04,3,17.2,51,17.3,0.0
2024-03-04,4,15.9,87,20.1,0.0
2024-03-04,5,12.9,70,20.3,0.0
2024-03-04,6,9.7,78,22.5,0.0
2024-03-04,7,22.1,75,6.1,0.0
2024-03-04,8,18.4,81,23.9,0.0
2024-03-04,9,11.6,66,11.1,0.0
2024-03-04,10,11.5,74,17.9,0.0
2024-03-05,1,16.3,44,14.9,0.0
2024-03-05,2,26.3,62,6.7,0.0
2024-03-05,3,16.7,40,10.8,0.0
2024-03-05,4,10.5,83,18.6,6.1
2024-03-05,5,16.8,48,6.4,0.0
2024-03-05,6,16.6,44,17.4,11.1
2024-03-05,7,4.5,74,22.5,0.0
2024-03-05,8,17.7,51,12.7,0.0
2024-03-05,9,16.8,41,9.0,0.0
2024-03-05,10,21.5,79,14.1,0.0
2024-03-06,1,27.2,85,3.3,0.0
2024-03-06,2,23.6,79,20.4,0.0
2024-03-06,3,16.7,47,16.0,0.0
2024-03-06,4,12.5,53,9.2,0.0
2024-03-06,5,30.9,81,6.4,0.0
2024-03-06,6,18.3,46,3.5,0.0
2024-03-06,7,18.1,81,9.2,0.0
2024-03-06,8,17.9,52,11.4,0.0
2024-03-06,9,19.0,51,22.5,0.0
2024-03-06,10,17.3,84,23.5,0.0
2024-03-07,1,15.1,78,21.4,5.9
2024-03-07,2,15.3,56,13.6,11.5
2024-03-07,3,17.8,79,12.6,9.4
2024-03-07,4,15.3,67,16.6,0.0
2024-03-07,5,14.4,65,10.6,0.0
2024-03-07,6,18.5,51,18.2,0.0
2024-03-07,7,16.7,41,2.3,0.0
2024-03-07,8,25.5,68,19.9,0.0
2024-03-07,9,4.7,66,22.5,0.0
2024-03-07,10,23.5,62,18.8,0.0
2024-03-08,1,24.2,85,8.6,0.0
2024-03-08,2,7.6,45,18.4,0.0
2024-03-08,3,16.3,83,10.5,0.0
2024-03-08,4,16.1,44,3.1,0.0
2024-03-08,5,11.0,45,2.1,0.0
2024-03-08,6,14.1,89,20.8,6.5
2024-03-08,7,12.4,45,20.2,9.5
2024-03-08,8,26.8,71,5.8,0.0
2024-03-08,9,22.7,50,12.9,11.9
2024-03-08,10,24.4,68,7.0,0.0
2024-03-09,1,21.6,56,24.7,0.0
2024-03-09,2,12.4,41,5.0,0.0
2024-03-09,3,15.4,71,3.8,19.4
2024-03-09,4,20.4,63,9.6,0.0
2024-03-09,5,11.9,85,9.3,13.8
2024-03-09,6,21.6,86,24.2,0.0
2024-03-09,7,16.8,57,19.8,16.6
2024-03-09,8,16.1,67,9.4,0.0
2024-03-09,9,21.6,78,13.4,9.9
2024-03-09,10,20.2,63,11.8,0.0
2024-03-10,1,16.2,85,7.4,0.0
2024-03-10,2,23.8,45,17.6,0.0
2024-03-10,3,12.6,81,9.1,11.4
2024-03-10,4,21.1,42,18.0,0.0
2024-03-10,5,21.0,73,24.4,19.5
2024-03-10,6,16.5,62,15.5,0.0
2024-03-10,7,19.6,62,22.7,11.4
2024-03-10,8,11.7,46,18.1,0.0
2024-03-10,9,22.6,81,7.3,0.0
2024-03-10,10,17.1,70,22.9,0.0
2024-03-11,1,15.4,53,10.9,0.0
2024-03-11,2,23.2,79,19.8,15.6
2024-03-11,3,14.5,40,19.9,0.0
2024-03-11,4,11.0,82,21.3,0.0
2024-03-11,5,10.2,59,21.4,0.0
2024-03-11,6,21.0,50,8.3,17.5
2024-03-11,7,11.6,64,17.8,0.0
2024-03-11,8,26.8,48,16.5,14.3
2024-03-11,9,7.6,85,5.4,8.1
2024-03-11,10,26.5,58,3.3,0.0
2024-03-12,1,19.1,82,17.2,0.0
2024-03-12,2,17.5,81,20.2,11.9
2024-03-12,3,15.3,42,14.6,0.0
2024-03-12,4,20.0,45,19.5,0.0
2024-03-12,5,17.8,83,14.9,8.0
2024-03-12,6,23.5,82,21.5,0.0
2024-03-12,7,18.6,63,12.6,19.1
2024-03-12,8,18.8,70,14.6,0.0
2024-03-12,9,16.2,52,22.1,12.1
2024-03-12,10,17.7,85,15.8,0.0
2024-03-13,1,19.5,84,20.5,0.0
2024-03-13,2,9.4,69,14.8,0.0
2024-03-13,3,11.3,68,11.5,19.6
2024-03-13,4,21.7,54,6.4,0.0
2024-03-13,5,18.9,85,4.7,0.0
2024-03-13,6,17.1,52,6.3,0.0
2024-03-13,7,18.1,47,11.0,12.3
2024-03-13,8,19.7,78,24.8,0.0
2024-03-13,9,15.3,52,2.3,0.0
2024-03-13,10,14.1,80,7.2,0.0
2024-03-14,1,19.0,86,11.4,14.4
2024-03-14,2,13.1,70,6.1,0.0
2024-03-14,3,20.0,41,18.5,11.9
2024-03-14,4,9.5,73,14.9,0.0
2024-03-14,5,23.1,78,11.0,6.6
2024-03-14,6,20.4,74,13.0,0.0
2024-03-14,7,19.3,49,13.2,0.0
2024-03-14,8,22.9,60,3.9,0.0
2024-03-14,9,26.3,47,22.1,0.0
2024-03-14,10,23.1,51,17.4,0.0
2024-03-15,1,8.8,69,3.3,11.3
2024-03-15,2,11.6,86,20.8,0.0
2024-03-15,3,14.9,87,9.6,0.0
2024-03-15,4,18.1,86,15.3,0.0
2024-03-15,5,20.6,43,11.0,0.0
2024-03-15,6,14.4,66,8.9,0.0
2024-03-15,7,18.9,69,6.8,12.3
2024-03-15,8,14.2,50,6.0,0.0
2024-03-15,9,14.9,50,8.7,0.0
2024-03-15,10,11.0,84,21.7,0.0
2024-03-16,1,13.4,61,2.6,0.0
2024-03-16,2,11.2,61,7.3,0.0
2024-03-16,3,13.1,81,24.5,0.0
2024-03-16,4,23.3,53,20.9,0.0
2024-03-16,5,13.3,53,10.7,0.0
2024-03-16,6,31.2,70,19.0,0.0
2024-03-16,7,20.5,80,17.3,0.0
2024-03-16,8,18.9,87,3.1,11.4
2024-03-16,9,13.7,65,8.9,0.0
2024-03-16,10,21.5,66,9.0,0.0
2024-03-17,1,15.1,75,18.1,0.0
2024-03-17,2,18.6,70,20.2,0.0
2024-03-17,3,30.8,59,14.8,0.0
2024-03-17,4,17.5,75,20.4,0.0
2024-03-17,5,23.7,54,8.7,0.0
2024-03-17,6,14.5,79,21.1,0.0
2024-03-17,7,17.8,77,20.0,0.0
2024-03-17,8,26.9,87,22.6,0.0
2024-03-17,9,14.9,83,18.0,0.0
2024-03-17,10,27.1,41,17.6,0.0
2024-03-18,1,21.5,80,18.8,0.0
2024-03-18,2,15.2,75,11.0,0.0
2024-03-18,3,21.2,62,23.6,0.0
2024-03-18,4,22.9,55,15.8,0.0
2024-03-18,5,21.1,72,9.2,8.9
2024-03-18,6,10.1,70,15.6,0.0
2024-03-18,7,14.4,75,15.5,0.0
2024-03-18,8,16.8,82,24.3,0.0
2024-03-18,9,17.6,83,17.1,0.0
2024-03-18,10,21.1,52,23.5,15.5
2024-03-19,1,18.9,87,12.7,5.9
2024-03-19,2,11.3,76,14.3,0.0
2024-03-19,3,19.9,73,21.5,0.0
2024-03-19,4,21.1,65,9.1,8.7
2024-03-19,5,20.8,42,24.6,0.0
2024-03-19,6,23.4,86,9.4,14.1
2024-03-19,7,22.2,76,25.0,8.8
2024-03-19,8,20.3,51,4.0,0.0
2024-03-19,9,17.6,73,13.3,0.0
2024-03-19,10,9.7,74,11.7,0.0
2024-03-20,1,20.1,74,6.7,0.0
2024-03-20,2,19.0,69,3.7,0.0
2024-03-20,3,19.4,59,12.8,12.9
2024-03-20,4,11.6,58,4.5,0.0
2024-03-20,5,12.6,66,6.6,0.0
2024-03-20,6,23.3,73,9.9,0.0
2024-03-20,7,17.8,88,15.5,0.0
2024-03-20,8,21.4,45,19.2,0.0
2024-03-20,9,18.1,57,15.5,0.0
2024-03-20,10,18.1,86,19.9,0.0
2024-03-21,1,22.7,84,17.3,0.0
2024-03-21,2,15.4,48,24.2,0.0
2024-03-21,3,18.5,67,12.3,0.0
2024-03-21,4,15.7,50,6.2,0.0
2024-03-21,5,15.8,69,13.5,0.0
2024-03-21,6,16.5,76,17.7,16.1
2024-03-21,7,19.1,41,14.8,0.0
2024-03-21,8,15.6,72,4.3,0.0
2024-03-21,9,24.3,45,7.1,0.0
2024-03-21,10,13.5,80,19.3,0.0
2024-03-22,1,17.1,49,13.5,0.0
2024-03-22,2,15.8,79,23.3,0.0
2024-03-22,3,25.2,75,20.8,0.0
2024-03-22,4,19.0,85,16.3,0.0
2024-03-22,5,23.2,72,14.5,5.8
2024-03-22,6,10.6,43,24.5,0.0
2024-03-22,7,19.3,57,16.7,0.0
2024-03-22,8,22.4,46,22.8,0.0
2024-03-22,9,18.4,65,15.4,0.0
2024-03-22,10,23.3,43,6.7,12.2
2024-03-23,1,15.4,42,19.8,0.0
2024-03-23,2,25.0,72,8.3,0.0
2024-03-23,3,29.5,47,13.1,0.0
2024-03-23,4,16.2,86,15.0,8.9
2024-03-23,5,15.8,62,17.9,0.0
2024-03-23,6,25.3,89,16.9,0.0
2024-03-23,7,25.9,53,13.6,0.0
2024-03-23,8,15.4,87,16.2,0.0
2024-03-23,9,15.9,73,2.8,5.2
2024-03-23,10,16.6,75,22.6,14.5
2024-03-24,1,11.3,88,17.1,0.0
2024-03-24,2,13.4,53,14.8,0.0
2024-03-24,3,13.0,85,21.3,0.0
2024-03-24,4,14.2,62,16.5,0.0
2024-03-24,5,17.8,58,14.6,0.0
2024-03-24,6,19.2,58,12.4,9.8
2024-03-24,7,25.8,75,11.8,0.0
2024-03-24,8,13.0,46,23.8,0.0
2024-03-24,9,22.9,79,23.9,0.0
2024-03-24,10,16.9,83,21.9,0.0
2024-03-25,1,17.8,48,15.3,0.0
2024-03-25,2,21.4,74,23.1,0.0
2024-03-25,3,12.4,44,3.3,9.8
2024-03-25,4,19.9,59,19.0,0.0
2024-03-25,5,18.8,68,24.9,0.0
2024-03-25,6,20.5,44,13.9,0.0
2024-03-25,7,19.4,65,11.5,16.8
2024-03-25,8,30.3,81,9.3,0.0
2024-03-25,9,14.8,78,18.2,17.2
2024-03-25,10,15.3,45,22.6,0.0
2024-03-26,1,14.9,55,7.0,0.0
2024-03-26,2,15.2,71,7.9,0.0
2024-03-26,3,14.8,54,25.0,0.0
2024-03-26,4,23.9,48,5.3,0.0
2024-03-26,5,25.1,84,5.2,17.4
2024-03-26,6,15.1,61,20.0,0.0
2024-03-26,7,13.8,83,9.8,7.2
2024-03-26,8,20.4,71,6.9,9.3
2024-03-26,9,15.2,43,5.5,0.0
2024-03-26,10,21.2,52,12.1,0.0
2024-03-27,1,19.0,68,13.9,0.0
2024-03-27,2,10.4,71,13.1,0.0
2024-03-27,3,25.7,43,14.4,0.0
2024-03-27,4,27.0,62,14.5,0.0
2024-03-27,5,14.9,43,5.3,0.0
2024-03-27,6,16.1,46,14.9,0.0
2024-03-27,7,19.4,72,19.7,0.0
2024-03-27,8,19.7,72,8.2,0.0
2024-03-27,9,21.3,71,20.0,0.0
2024-03-27,10,28.1,67,21.1,8.6
2024-03-28,1,17.1,81,13.7,6.7
2024-03-28,2,14.0,51,20.1,0.0
2024-03-28,3,11.1,58,6.3,0.0
2024-03-28,4,14.3,44,3.5,0.0
2024-03-28,5,17.8,69,23.9,0.0
2024-03-28,6,27.0,87,14.0,0.0
2024-03-28,7,15.4,54,6.0,0.0
2024-03-28,8,19.1,64,6.2,0.0
2024-03-28,9,17.9,46,13.9,0.0
2024-03-28,10,23.9,90,18.7,0.0
2024-03-29,1,30.6,76,20.3,0.0
2024-03-29,2,15.3,47,19.2,5.5
2024-03-29,3,15.6,55,10.5,0.0
2024-03-29,4,23.2,63,16.9,0.0
2024-03-29,5,21.4,63,4.8,0.0
2024-03-29,6,27.2,72,13.8,0.0
2024-03-29,7,20.9,60,11.2,0.0
2024-03-29,8,16.2,66,12.1,0.0
2024-03-29,9,21.0,58,3.1,0.0
2024-03-29,10,23.5,53,5.6,0.0
2024-03-30,1,22.1,53,7.7,0.0
2024-03-30,2,20.5,74,4.4,0.0
2024-03-30,3,23.3,57,16.9,0.0
2024-03-30,4,23.8,84,12.0,0.0
2024-03-30,5,24.9,52,3.4,0.0
2024-03-30,6,21.2,75,19.8,0.0
2024-03-30,7,17.2,77,6.3,0.0
2024-03-30,8,18.7,80,7.3,0.0
2024-03-30,9,24.0,53,8.8,0.0
2024-03-30,10,13.9,64,11.1,0.0
2024-03-31,1,19.8,64,12.7,0.0
2024-03-31,2,16.0,43,17.0,0.0
2024-03-31,3,18.1,87,3.6,0.0
2024-03-31,4,24.4,73,21.8,0.0
2024-03-31,5,19.0,72,2.3,0.0
2024-03-31,6,18.2,50,12.3,0.0
2024-03-31,7,11.2,84,22.8,0.0
2024-03-31,8,21.7,72,20.2,0.0
2024-03-31,9,21.2,55,8.8,10.3
2024-03-31,10,28.8,53,5.5,0.0
2024-04-01,1,16.5,74,7.9,0.0
2024-04-01,2,19.1,42,15.9,0.0
2024-04-01,3,19.2,83,20.3,15.0
2024-04-01,4,25.9,46,6.5,15.6
2024-04-01,5,17.5,75,9.0,0.0
2024-04-01,6,19.4,61,23.1,0.0
2024-04-01,7,21.0,74,9.6,0.0
2024-04-01,8,18.9,89,11.0,0.0
2024-04-01,9,15.8,48,20.4,0.0
2024-04-01,10,19.0,49,13.3,0.0
2024-04-02,1,23.4,47,13.7,0.0
2024-04-02,2,12.9,74,13.3,0.0
2024-04-02,3,18.7,77,23.5,0.0
2024-04-02,4,14.5,48,15.3,0.0
2024-04-02,5,24.0,67,23.7,0.0
2024-04-02,6,10.4,50,23.3,0.0
2024-04-02,7,15.2,82,18.3,0.0
2024-04-02,8,19.9,56,5.8,0.0
2024-04-02,9,25.8,89,19.8,0.0
2024-04-02,10,17.7,54,15.7,0.0
2024-04-03,1,15.2,72,15.1,0.0
2024-04-03,2,27.4,52,17.7,10.0
2024-04-03,3,10.8,58,2.3,7.1
2024-04-03,4,7.0,40,16.1,0.0
2024-04-03,5,20.2,41,10.7,0.0
2024-04-03,6,15.5,83,14.8,0.0
2024-04-03,7,12.9,63,5.2,0.0
2024-04-03,8,21.5,40,12.5,0.0
2024-04-03,9,19.2,44,8.5,0.0
2024-04-03,10,15.2,74,6.2,0.0
2024-04-04,1,11.6,82,16.8,0.0
2024-04-04,2,22.4,79,10.1,0.0
2024-04-04,3,21.3,89,11.2,0.0
2024-04-04,4,17.5,62,9.4,0.0
2024-04-04,5,27.2,87,14.3,0.0
2024-04-04,6,12.6,54,22.5,13.1
2024-04-04,7,10.4,72,18.7,0.0
2024-04-04,8,14.5,62,4.4,0.0
2024-04-04,9,17.8,81,8.2,0.0
2024-04-04,10,19.2,85,5.9,0.0
2024-04-05,1,16.8,52,8.2,6.9
2024-04-05,2,19.8,61,10.4,0.0
2024-04-05,3,11.7,86,8.3,0.0
2024-04-05,4,25.2,70,24.7,0.0
2024-04-05,5,17.6,50,22.2,12.5
2024-04-05,6,23.6,43,8.2,0.0
2024-04-05,7,19.7,41,5.2,0.0
2024-04-05,8,20.3,62,19.1,0.0
2024-04-05,9,20.8,66,19.2,0.0
2024-04-05,10,20.2,52,9.0,0.0
2024-04-06,1,21.2,80,4.2,0.0
2024-04-06,2,24.6,73,19.1,0.0
2024-04-06,3,19.0,59,18.4,0.0
2024-04-06,4,21.5,68,10.2,7.2
2024-04-06,5,17.6,72,12.4,0.0
2024-04-06,6,25.2,41,14.4,0.0
2024-04-06,7,14.6,59,7.1,0.0
2024-04-06,8,27.0,76,5.6,0.0
2024-04-06,9,17.8,42,6.4,0.0
2024-04-06,10,10.8,63,11.1,0.0
2024-04-07,1,18.6,52,11.6,0.0
2024-04-07,2,14.6,50,6.9,17.3
2024-04-07,3,22.2,62,11.2,0.0
2024-04-07,4,14.7,51,13.1,0.0
2024-04-07,5,15.8,50,16.6,0.0
2024-04-07,6,8.6,82,22.2,0.0
2024-04-07,7,15.7,74,18.3,0.0
2024-04-07,8,5.9,80,20.7,0.0
2024-04-07,9,10.1,73,7.6,0.0
2024-04-07,10,21.8,61,23.0,0.0
2024-04-08,1,21.9,79,24.2,0.0
2024-04-08,2,20.1,76,11.9,0.0
2024-04-08,3,13.2,83,15.5,0.0
2024-04-08,4,17.8,49,22.8,18.2
2024-04-08,5,18.0,47,16.1,0.0
2024-04-08,6,12.2,74,13.8,14.8
2024-04-08,7,25.5,81,10.8,0.0
2024-04-08,8,22.4,81,7.8,0.0
2024-04-08,9,16.9,73,11.0,16.3
2024-04-08,10,18.1,55,5.5,13.2
2024-04-09,1,19.0,72,12.4,6.1
2024-04-09,2,7.8,50,10.6,0.0
2024-04-09,3,16.8,56,23.1,0.0
2024-04-09,4,14.6,85,14.1,17.4
2024-04-09,5,13.0,86,21.9,0.0
2024-04-09,6,16.6,83,19.6,0.0
2024-04-09,7,27.0,74,24.1,0.0
2024-04-09,8,21.2,54,9.6,0.0
2024-04-09,9,15.1,40,18.7,13.8
2024-04-09,10,20.9,67,4.8,19.7
2024-04-10,1,25.0,53,24.4,0.0
2024-04-10,2,22.6,49,5.9,0.0
2024-04-10,3,18.3,51,15.8,0.0
2024-04-10,4,14.8,64,15.6,0.0
2024-04-10,5,21.5,89,3.9,0.0
2024-04-10,6,20.0,86,23.7,0.0
2024-04-10,7,22.5,75,7.7,0.0
2024-04-10,8,21.2,40,22.9,0.0
2024-04-10,9,23.2,50,24.8,0.0
2024-04-10,10,15.3,85,12.8,0.0
2024-04-11,1,24.6,53,16.4,0.0
2024-04-11,2,19.0,80,4.5,0.0
2024-04-11,3,28.4,78,3.6,0.0
2024-04-11,4,14.6,65,5.1,0.0
2024-04-11,5,26.7,43,14.8,6.2
2024-04-11,6,19.0,87,12.3,0.0
2024-04-11,7,14.7,58,19.6,0.0
2024-04-11,8,15.6,67,8.8,0.0
2024-04-11,9,16.4,68,11.0,0.0
2024-04-11,10,20.1,52,16.0,0.0
2024-04-12,1,20.6,79,8.5,5.2
2024-04-12,2,15.1,66,6.6,0.0
2024-04-12,3,17.9,47,17.8,0.0
2024-04-12,4,28.7,41,11.9,8.7
2024-04-12,5,26.6,41,2.8,0.0
2024-04-12,6,20.2,41,8.4,13.7
2024-04-12,7,18.2,60,2.5,0.0
2024-04-12,8,18.6,75,2.4,19.0
2024-04-12,9,21.1,67,19.4,0.0
2024-04-12,10,12.9,59,24.5,7.8
2024-04-13,1,16.7,64,8.2,7.2
2024-04-13,2,9.7,58,17.0,0.0
2024-04-13,3,20.0,65,6.1,7.8
2024-04-13,4,21.2,89,23.8,0.0
2024-04-13,5,15.6,87,17.5,0.0
2024-04-13,6,25.9,49,8.2,0.0
2024-04-13,7,11.9,62,4.2,0.0
2024-04-13,8,10.7,82,19.1,19.7
2024-04-13,9,19.1,89,7.4,0.0
2024-04-13,10,23.2,73,14.9,0.0
2024-04-14,1,26.4,89,16.2,0.0
2024-04-14,2,15.7,62,20.7,0.0
2024-04-14,3,23.4,47,3.7,0.0
2024-04-14,4,17.8,80,6.5,0.0
2024-04-14,5,17.1,51,10.3,0.0
2024-04-14,6,22.4,57,14.9,0.0
2024-04-14,7,21.3,41,12.0,0.0
2024-04-14,8,10.1,77,7.1,0.0
2024-04-14,9,25.4,52,12.6,0.0
2024-04-14,10,24.9,75,16.0,0.0
2024-04-15,1,14.9,57,15.0,13.5
2024-04-15,2,20.0,76,21.7,0.0
2024-04-15,3,20.5,68,3.8,0.0
2024-04-15,4,19.3,41,2.4,0.0
2024-04-15,5,15.2,40,24.7,0.0
2024-04-15,6,14.6,57,13.6,0.0
2024-04-15,7,17.9,89,5.6,0.0
2024-04-15,8,23.9,67,11.7,15.9
2024-04-15,9,20.7,65,4.9,0.0
2024-04-15,10,16.1,64,12.9,0.0
2024-04-16,1,21.9,59,15.9,9.3
2024-04-16,2,3.8,58,11.6,0.0
2024-04-16,3,23.7,52,14.4,0.0
2024-04-16,4,9.3,81,5.2,0.0
2024-04-16,5,16.2,65,19.2,0.0
2024-04-16,6,12.4,84,21.1,0.0
2024-04-16,7,11.5,64,17.4,0.0
2024-04-16,8,23.8,88,16.9,0.0
2024-04-16,9,15.7,83,11.9,0.0
2024-04-16,10,19.7,88,24.6,0.0
2024-04-17,1,17.8,48,24.6,0.0
2024-04-17,2,20.4,62,8.9,0.0
2024-04-17,3,18.4,45,11.2,0.0
2024-04-17,4,11.6,80,17.8,0.0
2024-04-17,5,23.0,89,8.3,0.0
2024-04-17,6,15.5,61,2.3,8.1
2024-04-17,7,10.2,66,8.9,0.0
2024-04-17,8,15.9,68,20.6,0.0
2024-04-17,9,25.5,61,3.6,0.0
2024-04-17,10,22.3,44,9.8,0.0
2024-04-18,1,16.3,82,20.8,0.0
2024-04-18,2,16.3,42,15.3,0.0
2024-04-18,3,16.4,87,4.4,0.0
2024-04-18,4,28.4,67,22.3,0.0
2024-04-18,5,19.9,78,10.6,0.0
2024-04-18,6,20.2,67,5.9,0.0
2024-04-18,7,23.2,81,6.4,0.0
2024-04-18,8,19.2,41,2.9,0.0
2024-04-18,9,16.7,81,20.8,0.0
2024-04-18,10,17.0,75,5.1,0.0
2024-04-19,1,17.6,82,2.9,0.0
2024-04-19,2,17.8,62,24.6,0.0
2024-04-19,3,21.6,72,10.4,0.0
2024-04-19,4,18.3,58,16.4,0.0
2024-04-19,5,21.7,57,15.3,0.0
2024-04-19,6,17.6,55,9.2,0.0
2024-04-19,7,18.4,79,13.3,12.6
2024-04-19,8,8.0,76,23.3,8.0
2024-04-19,9,22.6,47,16.3,0.0
2024-04-19,10,19.7,56,6.7,0.0
2024-04-20,1,23.0,73,3.9,0.0
2024-04-20,2,3.5,75,22.6,0.0
2024-04-20,3,28.4,72,19.8,0.0
2024-04-20,4,17.3,48,22.9,0.0
2024-04-20,5,23.5,50,2.0,0.0
2024-04-20,6,12.8,64,18.8,16.8
2024-04-20,7,21.1,48,16.2,0.0
2024-04-20,8,12.7,54,20.9,0.0
2024-04-20,9,14.9,82,19.6,0.0
2024-04-20,10,27.6,51,10.3,0.0
2024-04-21,1,17.0,75,12.2,0.0
2024-04-21,2,19.1,76,17.3,0.0
2024-04-21,3,22.4,46,5.0,0.0
2024-04-21,4,20.5,82,24.2,11.0
2024-04-21,5,18.8,46,22.9,0.0
2024-04-21,6,19.8,44,11.6,0.0
2024-04-21,7,30.0,88,3.9,6.1
2024-04-21,8,17.7,58,5.8,0.0
2024-04-21,9,19.0,41,3.8,6.9
2024-04-21,10,23.3,63,20.5,0.0
2024-04-22,1,23.5,68,9.4,0.0
2024-04-22,2,23.9,76,18.2,8.2
2024-04-22,3,21.2,90,8.7,0.0
2024-04-22,4,12.3,54,6.7,0.0
2024-04-22,5,26.2,65,11.5,0.0
2024-04-22,6,12.3,81,20.5,0.0
2024-04-22,7,19.5,64,9.5,17.6
2024-04-22,8,14.2,53,18.3,0.0
2024-04-22,9,17.7,60,13.6,0.0
2024-04-22,10,19.6,56,22.5,0.0
2024-04-23,1,19.6,43,14.8,12.9
2024-04-23,2,20.1,84,15.3,0.0
2024-04-23,3,26.1,84,2.1,0.0
2024-04-23,4,20.3,87,21.3,0.0
2024-04-23,5,16.8,47,16.8,0.0
2024-04-23,6,22.8,77,23.9,0.0
2024-04-23,7,23.9,57,7.4,0.0
2024-04-23,8,11.9,54,10.9,0.0
2024-04-23,9,21.0,53,19.8,0.0
2024-04-23,10,21.5,43,14.3,0.0
2024-04-24,1,16.5,74,16.7,0.0
2024-04-24,2,24.9,73,7.8,0.0
2024-04-24,3,17.2,56,3.9,0.0
2024-04-24,4,18.6,86,19.0,0.0
2024-04-24,5,17.1,72,21.9,0.0
2024-04-24,6,18.1,84,4.7,14.5
2024-04-24,7,12.5,47,15.3,0.0
2024-04-24,8,10.8,84,18.3,0.0
2024-04-24,9,26.0,55,13.4,11.9
2024-04-24,10,13.8,74,8.8,6.5
2024-04-25,1,13.0,79,11.3,0.0
2024-04-25,2,7.2,52,13.2,0.0
2024-04-25,3,14.8,54,8.0,0.0
2024-04-25,4,11.4,41,12.6,0.0
2024-04-25,5,26.2,56,5.7,0.0
2024-04-25,6,23.0,84,24.5,6.0
2024-04-25,7,14.6,65,9.4,0.0
2024-04-25,8,29.3,58,15.7,9.1
2024-04-25,9,22.9,47,8.3,0.0
2024-04-25,10,16.4,78,4.4,0.0
2024-04-26,1,5.5,82,5.9,0.0
2024-04-26,2,29.5,82,16.7,0.0
2024-04-26,3,11.1,73,21.0,0.0
2024-04-26,4,9.8,53,15.6,16.9
2024-04-26,5,23.1,67,15.5,6.6
2024-04-26,6,30.2,50,7.6,0.0
2024-04-26,7,24.9,60,16.3,0.0
2024-04-26,8,20.8,86,5.1,0.0
2024-04-26,9,21.0,83,6.3,0.0
2024-04-26,10,22.3,86,9.9,0.0
2024-04-27,1,21.8,71,4.8,16.6
2024-04-27,2,19.4,42,9.9,0.0
2024-04-27,3,18.5,48,9.9,19.0
2024-04-27,4,17.7,90,22.8,13.3
2024-04-27,5,14.2,66,19.7,0.0
2024-04-27,6,16.6,45,2.3,0.0
2024-04-27,7,9.5,81,4.9,7.2
2024-04-27,8,17.5,69,22.8,13.7
2024-04-27,9,13.1,83,15.4,15.5
2024-04-27,10,12.5,77,21.5,0.0
2024-04-28,1,18.9,75,16.7,0.0
2024-04-28,2,25.0,86,18.9,7.5
2024-04-28,3,22.6,45,10.4,0.0
2024-04-28,4,10.1,47,17.4,19.8
2024-04-28,5,13.1,79,4.4,0.0
2024-04-28,6,22.7,89,12.6,0.0
2024-04-28,7,13.1,74,3.0,0.0
2024-04-28,8,16.9,86,11.8,0.0
2024-04-28,9,20.8,55,7.2,0.0
2024-04-28,10,13.2,43,24.0,0.0
2024-04-29,1,18.5,42,15.0,0.0
2024-04-29,2,11.3,85,9.6,0.0
2024-04-29,3,15.0,43,5.2,0.0
2024-04-29,4,19.6,79,2.2,0.0
2024-04-29,5,10.0,50,23.4,0.0
2024-04-29,6,20.2,71,12.0,13.9
2024-04-29,7,17.9,45,22.8,0.0
2024-04-29,8,20.8,66,18.0,0.0
2024-04-29,9,19.1,43,4.1,0.0
2024-04-29,10,24.8,80,9.2,0.0
2024-04-30,1,18.6,46,15.6,0.0
2024-04-30,2,15.9,69,18.6,0.0
2024-04-30,3,18.6,89,15.8,0.0
2024-04-30,4,20.7,52,16.7,14.3
2024-04-30,5,18.2,59,21.1,0.0
2024-04-30,6,18.2,68,13.7,0.0
2024-04-30,7,14.5,73,10.2,0.0
2024-04-30,8,14.7,85,6.1,0.0
2024-04-30,9,11.0,81,21.5,0.0
2024-04-30,10,26.7,84,11.5,0.0
2024-05-01,1,11.8,80,11.3,0.0
2024-05-01,2,14.5,55,9.7,0.0
2024-05-01,3,14.4,44,18.0,0.0
2024-05-01,4,22.5,59,21.3,0.0
2024-05-01,5,16.5,42,20.2,0.0
2024-05-01,6,24.2,65,20.8,0.0
2024-05-01,7,14.6,77,19.2,0.0
2024-05-01,8,19.4,77,6.5,0.0
2024-05-01,9,13.8,89,15.2,0.0
2024-05-01,10,28.7,41,19.9,0.0
2024-05-02,1,12.1,89,3.1,7.4
2024-05-02,2,19.5,81,21.5,13.4
2024-05-02,3,21.2,82,16.1,0.0
2024-05-02,4,20.1,49,19.1,19.3
2024-05-02,5,17.1,79,3.7,0.0
2024-05-02,6,17.4,64,17.3,12.4
2024-05-02,7,18.2,79,13.7,6.1
2024-05-02,8,17.3,42,11.3,13.5
2024-05-02,9,22.8,86,5.7,0.0
2024-05-02,10,29.1,67,18.5,0.0
2024-05-03,1,15.2,88,3.1,0.0
2024-05-03,2,11.2,49,15.6,0.0
2024-05-03,3,17.6,78,11.3,0.0
2024-05-03,4,30.9,67,24.8,0.0
2024-05-03,5,14.0,51,8.5,0.0
2024-05-03,6,26.2,52,7.5,0.0
2024-05-03,7,26.4,50,15.7,0.0
2024-05-03,8,15.2,68,5.0,0.0
2024-05-03,9,20.8,68,14.6,0.0
2024-05-03,10,26.1,89,3.1,0.0
2024-05-04,1,16.1,49,21.4,0.0
2024-05-04,2,17.0,62,7.2,16.5
2024-05-04,3,15.1,41,20.2,13.7
2024-05-04,4,12.9,70,23.8,13.0
2024-05-04,5,14.8,84,20.0,5.6
2024-05-04,6,11.9,59,7.5,0.0
2024-05-04,7,18.2,45,19.4,0.0
2024-05-04,8,14.2,48,14.2,0.0
2024-05-04,9,19.2,58,15.5,19.0
2024-05-04,10,10.2,89,18.7,0.0
2024-05-05,1,19.7,80,14.7,0.0
2024-05-05,2,22.2,59,7.9,0.0
2024-05-05,3,8.0,59,13.8,5.6
2024-05-05,4,19.9,73,8.8,0.0
2024-05-05,5,24.1,86,23.3,0.0
2024-05-05,6,12.0,55,6.0,0.0
2024-05-05,7,26.4,53,21.2,0.0
2024-05-05,8,20.1,87,22.8,9.3
2024-05-05,9,14.5,40,12.8,0.0
2024-05-05,10,17.7,48,14.3,0.0
2024-05-06,1,20.8,75,2.2,0.0
2024-05-06,2,18.4,55,6.2,0.0
2024-05-06,3,20.7,65,13.6,0.0
2024-05-06,4,13.4,63,18.0,0.0
2024-05-06,5,18.8,67,4.8,8.2
2024-05-06,6,10.9,67,22.7,0.0
2024-05-06,7,17.4,83,7.7,0.0
2024-05-06,8,13.5,90,7.8,13.9
2024-05-06,9,14.3,56,12.5,0.0
2024-05-06,10,24.2,48,19.9,0.0
2024-05-07,1,23.5,60,13.2,0.0
2024-05-07,2,21.0,79,24.1,0.0
2024-05-07,3,12.5,63,18.4,0.0
2024-05-07,4,16.4,73,20.1,0.0
2024-05-07,5,24.1,86,20.1,0.0
2024-05-07,6,18.7,66,20.7,9.2
2024-05-07,7,29.6,85,21.1,0.0
2024-05-07,8,20.0,74,11.7,0.0
2024-05-07,9,19.0,65,17.2,0.0
2024-05-07,10,16.5,78,13.8,0.0
2024-05-08,1,18.7,72,18.9,0.0
2024-05-08,2,17.2,40,4.4,8.4
2024-05-08,3,21.5,73,12.8,0.0
2024-05-08,4,22.8,41,16.4,0.0
2024-05-08,5,14.1,47,4.8,0.0
2024-05-08,6,11.3,83,2.6,11.7
2024-05-08,7,8.8,89,13.3,0.0
2024-05-08,8,20.5,49,6.8,10.6
2024-05-08,9,12.5,55,8.5,0.0
2024-05-08,10,7.2,73,10.3,0.0
2024-05-09,1,19.9,78,17.2,0.0
2024-05-09,2,30.5,81,21.4,0.0
2024-05-09,3,18.0,50,11.4,0.0
2024-05-09,4,22.2,74,17.8,0.0
2024-05-09,5,18.4,69,21.4,11.0
2024-05-09,6,17.5,62,19.8,0.0
2024-05-09,7,22.6,85,9.2,0.0
2024-05-09,8,16.5,77,8.2,0.0
2024-05-09,9,19.3,62,11.0,0.0
2024-05-09,10,19.6,81,19.0,18.0
2024-05-10,1,14.7,65,12.8,0.0
2024-05-10,2,23.0,57,11.8,0.0
2024-05-10,3,17.1,64,19.5,0.0
2024-05-10,4,14.2,86,3.7,7.6
2024-05-10,5,20.7,41,19.2,0.0
2024-05-10,6,13.5,88,11.0,0.0
2024-05-10,7,18.1,62,10.4,0.0
2024-05-10,8,18.0,74,11.4,0.0
2024-05-10,9,23.4,73,10.9,11.7
2024-05-10,10,20.4,64,9.1,0.0
2024-05-11,1,17.9,47,2.1,0.0
2024-05-11,2,22.1,86,19.4,0.0
2024-05-11,3,25.0,73,7.7,0.0
2024-05-11,4,20.8,46,18.5,0.0
2024-05-11,5,18.1,41,21.4,0.0
2024-05-11,6,11.4,84,12.2,0.0
2024-05-11,7,12.7,54,25.0,16.6
2024-05-11,8,16.5,84,9.4,16.8
2024-05-11,9,15.0,90,2.7,0.0
2024-05-11,10,17.1,48,4.7,0.0
2024-05-12,1,18.3,90,16.3,0.0
2024-05-12,2,20.6,83,8.9,0.0
2024-05-12,3,17.6,48,8.8,0.0
2024-05-12,4,20.4,75,16.2,0.0
2024-05-12,5,18.3,61,22.8,0.0
2024-05-12,6,8.1,60,6.8,11.0
2024-05-12,7,13.3,71,15.7,10.2
2024-05-12,8,17.3,85,23.9,0.0
2024-05-12,9,12.0,68,8.0,0.0
2024-05-12,10,21.0,49,7.4,0.0
2024-05-13,1,25.7,82,24.7,13.0
2024-05-13,2,24.1,79,8.6,0.0
2024-05-13,3,16.9,80,18.0,0.0
2024-05-13,4,25.5,85,20.9,16.2
2024-05-13,5,18.7,51,22.7,5.2
2024-05-13,6,16.3,45,18.3,5.5
2024-05-13,7,14.9,77,13.0,0.0
2024-05-13,8,16.5,89,13.0,0.0
2024-05-13,9,16.1,48,11.5,0.0
2024-05-13,10,18.9,78,4.8,0.0
2024-05-14,1,18.8,43,5.9,0.0
2024-05-14,2,18.0,89,21.7,0.0
2024-05-14,3,20.2,82,11.6,0.0
2024-05-14,4,24.0,43,14.3,0.0
2024-05-14,5,22.7,76,4.2,0.0
2024-05-14,6,10.6,49,12.2,12.7
2024-05-14,7,5.2,68,24.9,0.0
2024-05-14,8,22.7,88,21.2,0.0
2024-05-14,9,11.2,56,6.8,0.0
2024-05-14,10,16.9,74,8.2,0.0
2024-05-15,1,12.1,67,21.9,0.0
2024-05-15,2,9.0,56,11.7,0.0
2024-05-15,3,20.7,57,3.7,0.0
2024-05-15,4,21.8,75,21.4,0.0
2024-05-15,5,15.1,66,15.1,0.0
2024-05-15,6,5.0,44,16.2,0.0
2024-05-15,7,15.3,60,23.3,0.0
2024-05-15,8,20.0,54,19.0,0.0
2024-05-15,9,10.6,44,25.0,16.4
2024-05-15,10,18.9,51,8.5,0.0
2024-05-16,1,17.9,64,24.5,6.6
2024-05-16,2,20.9,73,6.8,0.0
2024-05-16,3,18.6,55,14.4,0.0
2024-05-16,4,13.1,67,24.2,9.3
2024-05-16,5,24.0,41,14.5,0.0
2024-05-16,6,17.2,89,10.4,0.0
2024-05-16,7,17.9,78,17.3,0.0
2024-05-16,8,13.3,69,9.7,9.5
2024-05-16,9,15.8,43,3.1,0.0
2024-05-16,10,13.6,53,23.5,0.0
2024-05-17,1,17.1,40,5.0,0.0
2024-05-17,2,26.6,73,18.8,17.7
2024-05-17,3,11.1,63,15.3,0.0
2024-05-17,4,9.9,63,12.8,0.0
2024-05-17,5,25.4,40,23.6,0.0
2024-05-17,6,17.0,46,12.2,0.0
2024-05-17,7,14.7,63,4.5,0.0
2024-05-17,8,23.2,83,4.5,0.0
2024-05-17,9,15.0,77,12.1,0.0
2024-05-17,10,27.1,84,22.5,0.0
2024-05-18,1,21.4,61,16.5,0.0
2024-05-18,2,15.6,74,19.5,0.0
2024-05-18,3,28.8,84,10.1,0.0
2024-05-18,4,15.0,87,3.2,0.0
2024-05-18,5,21.7,67,23.6,8.6
2024-05-18,6,19.5,65,17.7,0.0
2024-05-18,7,24.5,60,16.6,0.0
2024-05-18,8,25.8,80,19.2,0.0
2024-05-18,9,18.2,61,21.3,0.0
2024-05-18,10,14.2,46,14.3,0.0
2024-05-19,1,20.3,58,6.4,0.0
2024-05-19,2,14.6,64,2.5,0.0
2024-05-19,3,28.1,64,5.9,0.0
2024-05-19,4,18.7,74,15.0,0.0
2024-05-19,5,16.2,61,5.3,0.0
2024-05-19,6,18.9,71,19.1,0.0
2024-05-19,7,11.3,63,18.0,0.0
2024-05-19,8,13.1,72,8.8,0.0
2024-05-19,9,24.0,79,16.7,0.0
2024-05-19,10,14.7,56,11.5,17.9
2024-05-20,1,12.8,84,4.9,0.0
2024-05-20,2,20.7,84,3.8,0.0
2024-05-20,3,23.9,67,13.4,0.0
2024-05-20,4,21.6,89,19.8,0.0
2024-05-20,5,23.0,82,8.3,0.0
2024-05-20,6,14.2,68,19.8,15.0
2024-05-20,7,10.9,69,8.3,0.0
2024-05-20,8,25.5,75,16.1,0.0
2024-05-20,9,16.4,52,21.3,0.0
2024-05-20,10,16.7,41,11.4,15.5
2024-05-21,1,24.6,53,12.0,0.0
2024-05-21,2,20.8,68,21.5,0.0
2024-05-21,3,20.3,49,14.7,0.0
2024-05-21,4,28.8,54,19.1,0.0
2024-05-21,5,14.8,52,11.9,0.0
2024-05-21,6,22.6,77,5.6,0.0
2024-05-21,7,18.3,42,7.1,0.0
2024-05-21,8,19.3,65,16.8,0.0
2024-05-21,9,25.6,52,14.3,0.0
2024-05-21,10,20.5,67,3.3,0.0
2024-05-22,1,20.7,50,2.9,19.1
2024-05-22,2,23.4,71,2.6,9.1
2024-05-22,3,16.2,84,2.1,0.0
2024-05-22,4,13.8,75,2.8,0.0
2024-05-22,5,12.8,85,14.5,0.0
2024-05-22,6,8.2,40,16.1,0.0
2024-05-22,7,28.3,49,13.9,0.0
2024-05-22,8,12.5,57,18.4,0.0
2024-05-22,9,16.9,73,21.0,5.5
2024-05-22,10,16.6,81,21.8,14.4
2024-05-23,1,19.5,90,7.4,0.0
2024-05-23,2,22.1,49,18.1,0.0
2024-05-23,3,22.3,41,8.5,0.0
2024-05-23,4,15.1,71,15.7,0.0
2024-05-23,5,17.2,55,15.5,19.2
2024-05-23,6,19.4,81,22.0,0.0
2024-05-23,7,16.8,51,2.8,0.0
2024-05-23,8,26.0,58,12.4,0.0
2024-05-23,9,20.5,56,11.4,0.0
2024-05-23,10,21.7,43,3.4,0.0
2024-05-24,1,21.3,52,14.3,0.0
2024-05-24,2,23.9,43,10.8,0.0
2024-05-24,3,18.9,71,18.9,15.7
2024-05-24,4,11.5,73,6.9,9.8
2024-05-24,5,20.0,42,11.3,0.0
2024-05-24,6,14.7,75,8.4,0.0
2024-05-24,7,15.4,79,3.6,0.0
2024-05-24,8,20.9,40,22.6,17.7
2024-05-24,9,24.2,42,2.3,0.0
2024-05-24,10,18.1,86,13.4,0.0
2024-05-25,1,19.5,81,9.0,0.0
2024-05-25,2,26.5,48,23.6,0.0
2024-05-25,3,19.2,76,21.5,0.0
2024-05-25,4,31.0,65,11.8,14.1
2024-05-25,5,20.8,87,14.3,0.0
2024-05-25,6,9.2,41,17.6,0.0
2024-05-25,7,21.8,74,22.4,0.0
2024-05-25,8,19.9,64,2.9,0.0
2024-05-25,9,24.4,79,9.5,0.0
2024-05-25,10,21.4,79,21.2,6.3
2024-05-26,1,17.3,86,7.3,9.7
2024-05-26,2,11.9,46,9.7,0.0
2024-05-26,3,17.0,79,14.4,0.0
2024-05-26,4,13.7,45,5.8,0.0
2024-05-26,5,15.1,67,6.3,0.0
2024-05-26,6,20.9,65,13.1,0.0
2024-05-26,7,26.3,70,10.6,0.0
2024-05-26,8,20.0,73,21.4,0.0
2024-05-26,9,12.0,76,19.3,0.0
2024-05-26,10,20.2,73,23.1,0.0
2024-05-27,1,24.0,67,8.5,0.0
2024-05-27,2,15.0,74,6.2,0.0
2024-05-27,3,17.3,77,11.8,10.5
2024-05-27,4,18.1,60,19.6,0.0
2024-05-27,5,14.1,50,17.9,0.0
2024-05-27,6,21.2,43,18.9,0.0
2024-05-27,7,17.4,63,7.0,0.0
2024-05-27,8,20.1,45,22.4,0.0
2024-05-27,9,13.6,69,14.3,0.0
2024-05-27,10,15.8,40,9.2,0.0
2024-05-28,1,21.6,47,15.8,15.5
2024-05-28,2,16.1,73,15.3,5.3
2024-05-28,3,26.6,87,24.0,0.0
2024-05-28,4,16.0,52,10.4,5.8
2024-05-28,5,19.1,56,19.9,0.0
2024-05-28,6,22.7,73,25.0,0.0
2024-05-28,7,10.9,66,23.6,5.1
2024-05-28,8,9.2,80,15.2,0.0
2024-05-28,9,10.4,42,21.5,0.0
2024-05-28,10,24.3,41,18.2,0.0
2024-05-29,1,15.2,82,13.8,0.0
2024-05-29,2,30.8,80,10.0,9.7
2024-05-29,3,15.2,56,8.1,0.0
2024-05-29,4,18.9,87,16.8,7.9
2024-05-29,5,25.7,66,18.2,0.0
2024-05-29,6,28.0,77,18.9,0.0
2024-05-29,7,28.3,81,13.6,0.0
2024-05-29,8,24.0,62,15.5,0.0
2024-05-29,9,23.1,47,5.7,0.0
2024-05-29,10,21.0,80,12.0,0.0
2024-05-30,1,21.9,82,21.5,0.0
2024-05-30,2,15.2,82,6.9,0.0
2024-05-30,3,13.9,56,19.2,10.8
2024-05-30,4,18.0,51,18.0,0.0
2024-05-30,5,17.1,75,7.0,0.0
2024-05-30,6,15.7,47,15.7,0.0
2024-05-30,7,21.5,72,22.6,18.6
2024-05-30,8,22.8,44,23.5,0.0
2024-05-30,9,18.4,72,15.2,18.1
2024-05-30,10,25.4,89,23.6,0.0
2024-05-31,1,12.3,55,19.6,0.0
2024-05-31,2,17.0,51,18.7,14.8
2024-05-31,3,14.4,84,18.4,0.0
2024-05-31,4,8.7,80,12.7,0.0
2024-05-31,5,17.6,84,11.3,0.0
2024-05-31,6,17.4,64,24.2,0.0
2024-05-31,7,25.6,49,16.7,0.0
2024-05-31,8,21.2,73,10.5,9.1
2024-05-31,9,12.9,79,19.7,8.2
2024-05-31,10,27.3,50,23.8,0.0
2024-06-01,1,31.1,74,8.8,0.0
2024-06-01,2,27.9,88,16.9,0.0
2024-06-01,3,23.9,68,19.3,0.0
2024-06-01,4,20.2,68,24.6,0.0
2024-06-01,5,23.1,78,6.3,0.0
2024-06-01,6,30.4,43,5.1,16.1
2024-06-01,7,34.4,84,5.2,0.0
2024-06-01,8,32.7,86,3.0,0.0
2024-06-01,9,22.6,66,4.9,0.0
2024-06-01,10,19.4,67,11.4,0.0
2024-06-02,1,25.7,70,12.4,0.0
2024-06-02,2,16.2,42,6.1,16.5
2024-06-02,3,26.6,88,5.4,5.8
2024-06-02,4,24.3,79,22.8,0.0
2024-06-02,5,22.7,85,16.2,0.0
2024-06-02,6,17.0,90,6.5,0.0
2024-06-02,7,27.6,65,8.0,0.0
2024-06-02,8,22.3,42,11.4,0.0
2024-06-02,9,19.2,64,22.7,0.0
2024-06-02,10,10.6,80,5.9,0.0
2024-06-03,1,24.9,78,17.3,0.0
2024-06-03,2,33.9,59,11.5,0.0
2024-06-03,3,33.3,82,19.3,0.0
2024-06-03,4,22.7,82,5.5,19.4
2024-06-03,5,22.0,63,8.3,0.0
2024-06-03,6,27.3,62,20.1,0.0
2024-06-03,7,20.0,48,10.8,0.0
2024-06-03,8,26.5,76,5.1,0.0
2024-06-03,9,28.8,47,12.3,0.0
2024-06-03,10,31.1,68,20.1,0.0
2024-06-04,1,24.5,43,22.9,18.3
2024-06-04,2,24.0,56,13.3,0.0
2024-06-04,3,20.6,48,15.5,0.0
2024-06-04,4,20.9,85,10.0,0.0
2024-06-04,5,23.9,46,5.8,0.0
2024-06-04,6,26.8,55,14.0,0.0
2024-06-04,7,29.6,90,3.9,0.0
2024-06-04,8,21.0,90,23.5,0.0
2024-06-04,9,32.5,49,13.3,0.0
2024-06-04,10,23.6,46,7.8,0.0
2024-06-05,1,24.9,41,17.1,0.0
2024-06-05,2,21.3,80,17.5,0.0
2024-06-05,3,12.9,42,13.3,0.0
2024-06-05,4,29.4,75,22.8,0.0
2024-06-05,5,28.7,54,2.6,6.1
2024-06-05,6,23.6,81,13.4,0.0
2024-06-05,7,25.3,58,15.4,0.0
2024-06-05,8,27.6,43,13.2,0.0
2024-06-05,9,17.2,87,6.8,0.0
2024-06-05,10,22.4,49,23.3,0.0
2024-06-06,1,29.0,68,4.6,0.0
2024-06-06,2,18.7,65,10.3,0.0
2024-06-06,3,26.5,47,6.0,0.0
2024-06-06,4,18.2,45,4.5,0.0
2024-06-06,5,27.3,88,6.0,18.0
2024-06-06,6,24.8,53,5.5,0.0
2024-06-06,7,16.9,63,19.1,0.0
2024-06-06,8,30.8,79,7.5,0.0
2024-06-06,9,21.3,87,12.9,0.0
2024-06-06,10,20.9,60,25.0,0.0
2024-06-07,1,26.0,72,16.9,0.0
2024-06-07,2,30.7,73,22.3,0.0
2024-06-07,3,19.9,45,22.5,0.0
2024-06-07,4,25.3,54,15.9,0.0
2024-06-07,5,27.1,57,23.4,0.0
2024-06-07,6,28.5,74,5.6,0.0
2024-06-07,7,25.9,63,21.9,0.0
2024-06-07,8,23.2,49,3.3,0.0
2024-06-07,9,20.9,71,22.0,16.6
2024-06-07,10,25.4,57,3.0,11.4
2024-06-08,1,19.6,74,5.7,18.1
2024-06-08,2,10.4,88,17.5,0.0
2024-06-08,3,27.2,56,4.0,0.0
2024-06-08,4,29.5,67,5.4,0.0
2024-06-08,5,13.2,72,18.7,13.9
2024-06-08,6,20.0,56,20.7,16.5
2024-06-08,7,28.1,58,4.5,0.0
2024-06-08,8,35.3,71,12.6,0.0
2024-06-08,9,25.1,50,19.2,0.0
2024-06-08,10,21.4,76,5.9,11.2
2024-06-09,1,24.1,73,18.8,10.5
2024-06-09,2,31.9,72,3.9,20.0
2024-06-09,3,21.8,65,13.7,0.0
2024-06-09,4,21.0,53,13.3,0.0
2024-06-09,5,22.6,47,6.2,0.0
2024-06-09,6,20.2,76,22.6,9.3
2024-06-09,7,25.6,43,2.4,15.2
2024-06-09,8,33.1,72,21.1,0.0
2024-06-09,9,26.6,46,11.2,18.8
2024-06-09,10,23.7,88,7.1,0.0
2024-06-10,1,23.5,53,23.6,11.8
2024-06-10,2,17.2,78,13.9,0.0
2024-06-10,3,29.4,86,5.0,0.0
2024-06-10,4,24.6,66,11.4,0.0
2024-06-10,5,24.1,74,5.2,0.0
2024-06-10,6,41.0,52,5.8,0.0
2024-06-10,7,26.5,45,2.1,8.3
2024-06-10,8,21.2,88,12.2,10.4
2024-06-10,9,22.9,52,23.6,0.0
2024-06-10,10,30.7,47,20.9,0.0
2024-06-11,1,25.6,81,3.8,0.0
2024-06-11,2,17.8,55,14.9,0.0
2024-06-11,3,29.6,57,21.9,15.9
2024-06-11,4,21.7,56,4.8,5.7
2024-06-11,5,34.4,61,18.6,0.0
2024-06-11,6,30.4,89,20.9,0.0
2024-06-11,7,22.8,42,7.2,0.0
2024-06-11,8,31.4,77,11.9,0.0
2024-06-11,9,25.3,89,10.6,0.0
2024-06-11,10,29.3,80,9.8,0.0
2024-06-12,1,27.4,58,3.7,0.0
2024-06-12,2,20.8,53,4.6,16.3
2024-06-12,3,21.8,51,9.1,0.0
2024-06-12,4,30.1,46,7.6,0.0
2024-06-12,5,23.3,87,4.8,0.0
2024-06-12,6,23.0,85,14.9,0.0
2024-06-12,7,20.2,53,4.9,0.0
2024-06-12,8,27.1,40,16.1,0.0
2024-06-12,9,35.3,65,8.4,0.0
2024-06-12,10,19.7,78,11.8,0.0
2024-06-13,1,25.1,66,7.7,0.0
2024-06-13,2,32.1,70,18.6,0.0
2024-06-13,3,24.6,89,14.6,0.0
2024-06-13,4,27.3,73,16.3,0.0
2024-06-13,5,19.7,87,7.7,0.0
2024-06-13,6,27.1,75,7.3,0.0
2024-06-13,7,24.1,65,17.1,0.0
2024-06-13,8,29.9,84,18.7,0.0
2024-06-13,9,30.9,45,13.7,0.0
2024-06-13,10,37.9,62,23.4,14.6
2024-06-14,1,27.9,41,19.5,0.0
2024-06-14,2,26.6,68,16.5,0.0
2024-06-14,3,26.0,44,8.9,5.3
2024-06-14,4,23.2,68,8.8,19.4
2024-06-14,5,26.7,58,19.3,0.0
2024-06-14,6,23.5,81,19.7,0.0
2024-06-14,7,25.8,75,20.5,0.0
2024-06-14,8,31.6,61,19.3,0.0
2024-06-14,9,20.0,81,3.4,0.0
2024-06-14,10,30.7,78,16.3,0.0
2024-06-15,1,31.6,84,22.1,0.0
2024-06-15,2,24.4,53,9.4,0.0
2024-06-15,3,14.4,75,6.5,0.0
2024-06-15,4,22.0,74,21.7,0.0
2024-06-15,5,31.5,81,10.8,0.0
2024-06-15,6,24.9,60,24.1,0.0
2024-06-15,7,20.0,75,19.5,12.5
2024-06-15,8,22.5,40,23.3,0.0
2024-06-15,9,29.2,62,19.8,0.0
2024-06-15,10,27.7,60,12.5,0.0
2024-06-16,1,23.8,69,11.7,19.1
2024-06-16,2,23.2,71,8.4,0.0
2024-06-16,3,23.0,58,15.7,0.0
2024-06-16,4,20.4,69,9.5,0.0
2024-06-16,5,33.1,72,2.8,0.0
2024-06-16,6,23.4,61,17.8,0.0
2024-06-16,7,31.1,51,11.1,0.0
2024-06-16,8,32.6,48,7.9,0.0
2024-06-16,9,30.0,47,17.4,0.0
2024-06-16,10,22.8,81,8.5,0.0
2024-06-17,1,27.0,64,20.4,0.0
2024-06-17,2,24.9,48,24.0,0.0
2024-06-17,3,20.5,41,21.0,0.0
2024-06-17,4,26.6,77,11.8,0.0
2024-06-17,5,19.1,51,8.7,14.9
2024-06-17,6,30.9,57,11.1,0.0
2024-06-17,7,22.7,45,5.9,0.0
2024-06-17,8,26.0,42,11.0,0.0
2024-06-17,9,26.4,43,2.5,0.0
2024-06-17,10,23.7,65,6.0,0.0
2024-06-18,1,27.9,53,9.9,0.0
2024-06-18,2,22.6,72,8.7,0.0
2024-06-18,3,29.4,63,13.4,19.9
2024-06-18,4,18.3,55,19.8,0.0
2024-06-18,5,25.6,43,6.4,0.0
2024-06-18,6,34.7,87,24.4,0.0
2024-06-18,7,20.0,69,7.6,0.0
2024-06-18,8,21.6,50,13.1,8.5
2024-06-18,9,27.6,47,21.0,0.0
2024-06-18,10,25.9,84,13.5,0.0
2024-06-19,1,26.8,47,8.2,0.0
2024-06-19,2,27.4,50,11.2,0.0
2024-06-19,3,28.2,51,9.2,0.0
2024-06-19,4,30.5,49,3.4,0.0
2024-06-19,5,27.0,54,15.8,11.8
2024-06-19,6,23.8,69,19.8,16.2
2024-06-19,7,28.4,60,22.2,0.0
2024-06-19,8,34.5,59,14.2,0.0
2024-06-19,9,24.3,70,2.8,0.0
2024-06-19,10,20.1,41,17.2,0.0
2024-06-20,1,30.5,76,23.6,0.0
2024-06-20,2,24.4,88,15.9,0.0
2024-06-20,3,14.1,46,12.4,0.0
2024-06-20,4,29.2,61,20.9,0.0
2024-06-20,5,22.3,58,3.2,14.5
2024-06-20,6,24.5,78,16.4,0.0
2024-06-20,7,26.7,64,25.0,0.0
2024-06-20,8,26.0,49,17.3,0.0
2024-06-20,9,28.5,58,15.3,0.0
2024-06-20,10,22.8,89,8.1,0.0
2024-06-21,1,27.6,66,8.8,0.0
2024-06-21,2,23.7,61,22.0,19.6
2024-06-21,3,28.7,67,16.3,0.0
2024-06-21,4,28.1,61,19.0,0.0
2024-06-21,5,20.3,85,6.8,0.0
2024-06-21,6,30.4,66,11.6,10.4
2024-06-21,7,22.3,71,8.4,8.2
2024-06-21,8,29.0,43,7.7,0.0
2024-06-21,9,26.8,65,10.3,8.6
2024-06-21,10,34.2,56,3.1,0.0
2024-06-22,1,23.9,86,22.6,0.0
2024-06-22,2,23.3,65,9.5,0.0
2024-06-22,3,24.9,73,7.2,0.0
2024-06-22,4,23.5,74,16.0,0.0
2024-06-22,5,29.0,60,5.5,14.6
2024-06-22,6,16.9,51,13.6,0.0
2024-06-22,7,19.7,85,11.6,9.6
2024-06-22,8,19.7,53,14.0,0.0
2024-06-22,9,29.8,85,12.4,0.0
2024-06-22,10,33.6,56,19.9,0.0
2024-06-23,1,24.5,79,5.7,0.0
2024-06-23,2,24.2,45,14.7,17.0
2024-06-23,3,25.4,67,3.3,15.2
2024-06-23,4,30.8,61,24.9,0.0
2024-06-23,5,20.4,48,12.3,0.0
2024-06-23,6,26.2,88,10.4,0.0
2024-06-23,7,29.9,49,24.7,0.0
2024-06-23,8,27.5,42,11.4,14.2
2024-06-23,9,25.9,62,9.7,0.0
2024-06-23,10,30.0,88,8.3,12.6
2024-06-24,1,11.5,65,11.0,0.0
2024-06-24,2,28.4,53,17.6,0.0
2024-06-24,3,21.7,86,18.1,0.0
2024-06-24,4,15.8,88,20.7,0.0
2024-06-24,5,27.6,85,4.5,0.0
2024-06-24,6,31.9,68,17.0,16.2
2024-06-24,7,24.3,73,23.5,0.0
2024-06-24,8,29.8,88,12.1,0.0
2024-06-24,9,33.1,51,24.1,16.0
2024-06-24,10,31.6,76,13.7,0.0
2024-06-25,1,33.2,90,4.8,0.0
2024-06-25,2,28.7,60,6.8,10.5
2024-06-25,3,25.4,72,19.7,0.0
2024-06-25,4,17.0,70,10.9,0.0
2024-06-25,5,23.8,62,8.6,0.0
2024-06-25,6,20.8,59,18.1,0.0
2024-06-25,7,35.9,85,22.6,0.0
2024-06-25,8,24.1,58,16.6,0.0
2024-06-25,9,25.6,75,18.6,0.0
2024-06-25,10,27.8,47,13.4,0.0
2024-06-26,1,25.2,44,8.8,0.0
2024-06-26,2,33.5,57,17.1,0.0
2024-06-26,3,21.9,48,15.7,0.0
2024-06-26,4,26.0,87,22.2,0.0
2024-06-26,5,21.3,61,7.8,0.0
2024-06-26,6,18.4,48,7.7,0.0
2024-06-26,7,21.9,71,18.7,5.9
2024-06-26,8,24.8,71,10.2,10.9
2024-06-26,9,22.9,44,3.9,0.0
2024-06-26,10,21.5,66,12.1,11.4
2024-06-27,1,18.0,63,2.2,0.0
2024-06-27,2,24.6,45,20.3,0.0
2024-06-27,3,17.5,61,11.8,9.4
2024-06-27,4,28.8,47,14.9,0.0
2024-06-27,5,25.4,63,15.7,0.0
2024-06-27,6,17.7,80,11.2,0.0
2024-06-27,7,23.5,89,12.4,0.0
2024-06-27,8,21.2,42,6.9,0.0
2024-06-27,9,26.6,49,24.4,0.0
2024-06-27,10,31.7,43,12.9,0.0
2024-06-28,1,15.6,80,20.2,18.6
2024-06-28,2,25.6,65,20.5,0.0
2024-06-28,3,24.2,50,24.0,0.0
2024-06-28,4,28.4,48,17.8,0.0
2024-06-28,5,26.1,83,13.0,0.0
2024-06-28,6,21.2,51,6.9,0.0
2024-06-28,7,23.4,44,24.6,0.0
2024-06-28,8,21.0,83,21.0,0.0
2024-06-28,9,30.4,42,5.3,0.0
2024-06-28,10,25.1,74,11.3,15.0
2024-06-29,1,34.5,71,9.1,0.0
2024-06-29,2,24.7,59,11.0,0.0
2024-06-29,3,21.5,44,15.8,0.0
2024-06-29,4,17.4,47,17.1,18.6
2024-06-29,5,16.0,74,22.3,10.0
2024-06-29,6,17.1,49,9.9,0.0
2024-06-29,7,26.3,58,4.5,0.0
2024-06-29,8,27.5,68,10.9,0.0
2024-06-29,9,17.1,60,21.0,0.0
2024-06-29,10,29.5,84,12.1,0.0
2024-06-30,1,22.6,52,11.3,0.0
2024-06-30,2,25.7,84,15.5,0.0
2024-06-30,3,33.1,42,21.7,0.0
2024-06-30,4,29.5,42,21.4,0.0
2024-06-30,5,23.7,61,16.9,7.4
2024-06-30,6,20.5,60,6.8,0.0
2024-06-30,7,14.2,54,7.6,0.0
2024-06-30,8,21.4,40,14.4,0.0
2024-06-30,9,23.9,56,15.7,0.0
2024-06-30,10,20.1,55,15.4,5.6
